nmax,t_scalar,t_vector,S
300,0.202999994,0.0320000015,6.343749515136741
500,0.312000006,0.0469999984,6.63829822598462
700,0.389999986,0.0780000016,4.999999717948724
900,0.483999997,0.0930000022,5.204300919898258
1100,0.578000009,0.108999997,5.3027525220941065
1300,0.656000018,0.125,5.248000144
1500,0.75,0.141000003,5.319148822996833
1700,0.843999982,0.156000003,5.410256190828407
1900,0.921999991,0.172000006,5.360464876960527
2100,1.01499999,0.202999994,5.000000098522171
2300,1.10899997,0.218999997,5.063926873021829
2500,1.20299995,0.233999997,5.141025493261011
2700,1.31200004,0.233999997,5.606837849660315
2900,1.39100003,0.25,5.56400012
3100,1.48399997,0.264999986,5.600000182641518
3300,1.57799995,0.296999991,5.313131305785123
3500,1.67200005,0.296000004,5.648648741234477
3700,1.75,0.328000009,5.335365707261307
3900,1.81200004,0.344000012,5.267441792996216
4100,1.93700004,0.375,5.16533344
4300,2.01600003,0.358999997,5.615599016286342
4500,2.0940001,0.389999986,5.36923121838266
4700,2.20300007,0.391000003,5.634271235542676
4900,2.31299996,0.405999988,5.697044404838751
